T1,T2,S1,S2,Draw,ELO1,ELO2,Prob1,Prob2
Sweden,Estonia,1,1,1,1710,1444,0.8221846112,0.1778153888
Finland,Sweden,0,3,0,1550,1710,0.284747249,0.715252751
Finland,Iceland,0,1,0,1550,1728,0.2641225559,0.7358774441
Iceland,U.A.E.,1,2,0,1728,#N/A,#N/A,#N/A
Iceland,United States,2,3,0,1728,1747,0.472684027,0.527315973
Macedonia,Slovenia,0,1,0,1407,1588,0.2607797459,0.7392202541
Croatia,Israel,2,0,0,1826,1546,0.8336624692,0.1663375308
Gibraltar,Liechtenstein,0,0,1,1079,1166,0.3773498042,0.6226501958
Romania,Lithuania,1,0,0,1689,1417,0.827178017,0.172821983
Serbia,Poland,0,1,0,1710,1794,0.3814158779,0.6185841221
Estonia,Norway,0,0,1,1444,1610,0.2777654664,0.7222345336
Moldova,Malta,0,0,1,1326,1205,0.6674184219,0.3325815781
Montenegro,Greece,1,2,0,1527,1592,0.4075337694,0.5924662306
Sweden,Turkey,1,2,0,1710,1790,0.3868631798,0.6131368202
Cyprus,Ukraine,0,1,0,1393,1714,0.1361285237,0.8638714763
Iceland,Denmark,1,2,0,1728,1722,0.5086338358,0.4913661642
Spain,Italy,1,1,1,1918,1919,0.4985608883,0.5014391117
Czech Republic,Scotland,0,1,0,#N/A,1686,#N/A,#N/A
Northern Ireland,Wales,1,1,1,1613,1725,0.3441794941,0.6558205059
Belarus,Armenia,0,0,1,1559,1499,0.5854986787,0.4145013213
Luxembourg,Bosnia & Herzegovina,0,3,0,1213,#N/A,#N/A,#N/A
Latvia,Slovakia,0,0,1,1456,1735,0.1671373097,0.8328626903
Rep. of Ireland,Switzerland,1,0,0,#N/A,1776,#N/A,#N/A
Netherlands,France,2,3,0,1903,1953,0.4285368826,0.5714631174
Bulgaria,Portugal,1,0,0,1561,1874,0.1416353958,0.8583646042
Poland,Finland,5,0,0,1794,1550,0.8029091702,0.1970908298
Russia,Lithuania,3,0,0,1670,1417,0.8109791581,0.1890208419
Hungary,Croatia,1,1,1,1695,1826,0.3199293243,0.6800706757
Azerbaijan,Kazakhstan,0,1,0,1368,1395,0.4612219079,0.5387780921
Albania,Austria,1,2,0,1602,1688,0.3787032769,0.6212967231
Germany,England,2,3,0,2033,1889,0.6961287704,0.3038712296
Romania,Spain,0,0,1,1689,1918,0.2111129318,0.7888870682
Andorra,Moldova,0,1,0,939,1326,0.0972859657,0.9027140343
Ukraine,Wales,1,0,0,1714,1725,0.4841750147,0.5158249853
Liechtenstein,Faroe Islands,2,3,0,1166,1203,0.4469531048,0.5530468952
North. Ireland,Slovenia,1,0,0,#N/A,1588,#N/A,#N/A
Belarus,Montenegro,0,0,1,1559,1527,0.5459219228,0.4540780772
Bosnia & Herzegovina,Switzerland,2,0,0,#N/A,1776,#N/A,#N/A
Norway,Finland,2,0,0,1610,1550,0.5854986787,0.4145013213
Bulgaria,Macedonia,2,0,0,1561,1407,0.7081663883,0.2918336117
Germany,Italy,4,1,0,2033,1919,0.6584145209,0.3415854791
Estonia,Serbia,0,1,0,1444,1710,0.1778153888,0.8221846112
Kazakhstan,Georgia,1,1,1,1395,1461,0.4061446148,0.5938553852
Iceland,Greece,3,2,0,1728,1592,0.6863002577,0.3136997423
Sweden,Czech Republic,1,1,1,1710,#N/A,#N/A,#N/A
Austria,Turkey,1,2,0,1688,1790,0.3572869312,0.6427130688
Gibraltar,Latvia,0,5,0,1079,1456,0.1024598859,0.8975401141
Rep. of Ireland,Slovakia,2,2,1,#N/A,1735,#N/A,#N/A
Portugal,Belgium,2,1,0,1874,1924,0.4285368826,0.5714631174
Russia,France,2,4,0,1670,1953,0.1639565745,0.8360434255
Netherlands,England,2,1,0,1903,1889,0.520136722,0.479863278
Denmark,Scotland,0,1,0,1722,1686,0.5516235473,0.4483764527
Luxembourg,Albania,0,2,0,1213,1602,0.0962795616,0.9037204384
Côte d`Ivoire,Hungary,0,0,1,#N/A,1695,#N/A,#N/A
England,Turkey,2,1,0,1889,1790,0.6387377491,0.3612622509
Serbia,Cyprus,2,1,0,1710,1393,0.8611409357,0.1388590643
Congo D.R.,Romania,1,1,1,#N/A,1689,#N/A,#N/A
Azerbaijan,Andorra,0,0,1,1368,939,0.9219774237,0.0780225763
Slovakia,Georgia,3,1,0,1735,1461,0.8288176478,0.1711823522
Malta,Czech Republic,0,6,0,1205,#N/A,#N/A,#N/A
Rep. of Ireland,Netherlands,1,1,1,#N/A,1903,#N/A,#N/A
Croatia,Moldova,1,0,0,1826,1326,0.9467597848,0.0532402152
England,Australia,2,1,0,1889,1692,0.7565805943,0.2434194057
North. Ireland,Belarus,3,0,0,#N/A,1559,#N/A,#N/A
Armenia,Guatemala,7,1,0,1499,1475,0.5344839447,0.4655160553
Switzerland,Belgium,1,2,0,1776,1924,0.2990226014,0.7009773986
Bosnia & Herzegovina,Spain,1,3,0,#N/A,1918,#N/A,#N/A
Lithuania,Estonia,2,0,0,1417,1444,0.4612219079,0.5387780921
Qatar,Albania,1,3,0,1513,1602,0.3746486067,0.6253513933
Macedonia,Azerbaijan,3,1,0,1407,1368,0.5558909611,0.4441090389
Slovakia,Germany,3,1,0,1735,2033,0.152461276,0.847538724
Romania,Ukraine,3,4,0,1689,1714,0.4640840731,0.5359159269
Turkey,Montenegro,1,0,0,1790,1527,0.8196458145,0.1803541855
Italy,Scotland,1,0,0,1919,1686,0.7926963842,0.2073036158
Portugal,Norway,3,0,0,1874,1610,0.8204952073,0.1795047927
Sweden,Slovenia,0,0,1,1710,1588,0.6686949563,0.3313050437
France,Cameroon,3,2,0,1953,1612,0.8768522651,0.1231477349
Luxembourg,Nigeria,1,3,0,1213,1620,0.0876333478,0.9123666522
Malta,Austria,1,2,0,1205,1688,0.0583941256,0.9416058744
Israel,Serbia,1,3,0,1546,1710,0.2800809941,0.7199190059
Belarus,Rep. of Ireland,2,1,0,1559,#N/A,#N/A,#N/A
Iceland,Norway,2,3,0,1728,1610,0.663574098,0.336425902
Czech Republic,Russia,2,1,0,#N/A,1670,#N/A,#N/A
South Korea,Spain,1,6,0,1785,1918,0.3174296145,0.6825703855
Estonia,Andorra,2,0,0,1444,939,0.9481920611,0.0518079389
Lithuania,Latvia,1,2,0,1417,1456,0.4441090389,0.5558909611
Salvador,Armenia,0,4,0,#N/A,1499,#N/A,#N/A
Poland,Netherlands,1,2,0,1794,1903,0.3480879601,0.6519120399
Finland,Belgium,1,1,1,1550,1924,0.1040589492,0.8959410508
England,Portugal,1,0,0,1889,1874,0.5215733331,0.4784266669
Iran,Macedonia,3,1,0,1729,1407,0.8645470054,0.1354529946
Switzerland,Moldova,2,1,0,1776,1326,0.9302417126,0.0697582874
Kosovo,Faroe Islands,2,0,0,1391,1203,0.7469129214,0.2530870786
Albania,Ukraine,1,3,0,1602,1714,0.3441794941,0.6558205059
Japan,Bulgaria,7,2,0,1739,1561,0.7358774441,0.2641225559
Denmark,Bosnia & Herzegovina,2,2,1,1722,#N/A,#N/A,#N/A
Azerbaijan,Canada,1,1,1,1368,1501,0.3174296145,0.6825703855
Romania,Georgia,5,1,0,1689,1461,0.7879267681,0.2120732319
San Marino,Croatia,0,1,0,861,1826,0.0038532158,0.9961467842
Estonia,Latvia,0,0,1,1444,1456,0.4827374756,0.5172625244
Scotland,France,0,3,0,1686,1953,0.1769753711,0.8230246289
Greece,Australia,0,1,0,1592,1692,0.3599350002,0.6400649998
Germany,Hungary,2,0,0,2033,1695,0.874975307,0.125024693
Netherlands,Austria,2,0,0,1903,1688,0.7751528656,0.2248471344
North. Ireland,Slovakia,0,0,1,#N/A,1735,#N/A,#N/A
Belgium,Norway,3,2,0,1924,1610,0.8590630024,0.1409369976
Slovenia,Turkey,0,1,0,1588,1790,0.2381578901,0.7618421099
South Korea,Czech Republic,2,1,0,1785,#N/A,#N/A,#N/A
Sweden,Wales,3,0,0,1710,1725,0.4784266669,0.5215733331
Russia,Serbia,1,1,1,1670,1710,0.4426883662,0.5573116338
Italy,Finland,2,0,0,1919,1550,0.8932269128,0.1067730872
Poland,Lithuania,0,0,1,1794,1417,0.8975401141,0.1024598859
Liechtenstein,Iceland,0,4,0,1166,1728,0.0378648366,0.9621351634
Bosnia & Herzegovina,Japan,2,1,0,#N/A,1739,#N/A,#N/A
Spain,Georgia,0,1,0,1918,1461,0.9328116521,0.0671883479
Australia,Greece,1,2,0,1692,1592,0.6400649998,0.3599350002
Denmark,Bulgaria,4,0,0,1722,1561,0.7164236941,0.2835763059
Kazakhstan,China,1,0,0,1395,1557,0.2824082768,0.7175917232
Estonia,Portugal,0,7,0,1444,1874,0.0776094894,0.9223905106
Romania,France,1,2,0,1689,1953,0.1795047927,0.8204952073
England,Russia,1,1,1,1889,1670,0.7791406208,0.2208593792
Albania,Switzerland,0,1,0,1602,1776,0.2686221422,0.7313778578
Slovakia,Wales,1,2,0,1735,1725,0.5143871842,0.4856128158
Croatia,Turkey,1,0,0,1826,1790,0.5516235473,0.4483764527
Poland,North. Ireland,1,0,0,1794,#N/A,#N/A,#N/A
Germany,Ukraine,2,0,0,2033,1714,0.862511904,0.137488096
Czech Republic,Spain,0,1,0,#N/A,1918,#N/A,#N/A
Rep. of Ireland,Sweden,1,1,1,#N/A,1710,#N/A,#N/A
Italy,Belgium,2,0,0,1919,1924,0.4928049183,0.5071950817
Austria,Hungary,0,2,0,1688,1695,0.4899275531,0.5100724469
Iceland,Portugal,1,1,1,1728,1874,0.3014413736,0.6985586264
Romania,Switzerland,1,1,1,1689,1776,0.3773498042,0.6226501958
Slovakia,Russia,2,1,0,1735,1670,0.5924662306,0.4075337694
France,Albania,2,0,0,1953,1602,0.8829346041,0.1170653959
Poland,Germany,0,0,1,1794,2033,0.2016852558,0.7983147442
Wales,England,1,2,0,1725,1889,0.2800809941,0.7199190059
Ukraine,North. Ireland,0,2,0,1714,#N/A,#N/A,#N/A
Czech Republic,Croatia,2,2,1,#N/A,1826,#N/A,#N/A
Sweden,Italy,0,1,0,1710,1919,0.2309240766,0.7690759234
Turkey,Spain,0,3,0,1790,1918,0.3236983305,0.6763016695
Belgium,Rep. of Ireland,3,0,0,1924,#N/A,#N/A,#N/A
Hungary,Iceland,1,1,1,1695,1728,0.452651482,0.547348518
Portugal,Austria,0,0,1,1874,1688,0.7447304069,0.2552695931
France,Switzerland,0,0,1,1953,1776,0.7347570893,0.2652429107
Albania,Romania,1,0,0,1602,1689,0.3773498042,0.6226501958
Wales,Russia,3,0,0,1725,1670,0.5784967523,0.4215032477
England,Slovakia,0,0,1,1889,1735,0.7081663883,0.2918336117
North. Ireland,Germany,0,1,0,#N/A,2033,#N/A,#N/A
Ukraine,Poland,0,1,0,1714,1794,0.3868631798,0.6131368202
Spain,Croatia,1,2,0,1918,1826,0.6293885472,0.3706114528
Czech Republic,Turkey,0,2,0,#N/A,1790,#N/A,#N/A
Portugal,Hungary,3,3,1,1874,1695,0.7369947605,0.2630052395
Austria,Iceland,1,2,0,1688,1728,0.4426883662,0.5573116338
Rep. of Ireland,Italy,1,0,0,#N/A,1919,#N/A,#N/A
Sweden,Belgium,0,1,0,1710,1924,0.2258520223,0.7741479777
Portugal,Croatia,1,0,0,1874,1826,0.5686413919,0.4313586081
Switzerland,Poland,1,1,1,1776,1794,0.4741190691,0.5258809309
North. Ireland,Wales,0,1,0,#N/A,1725,#N/A,#N/A
France,Rep. of Ireland,2,1,0,1953,#N/A,#N/A,#N/A
Belgium,Hungary,4,0,0,1924,1695,0.7888870682,0.2111129318
Germany,Slovakia,3,0,0,2033,1735,0.847538724,0.152461276
Sweden,Côte d`Ivoire,2,0,0,1710,#N/A,#N/A,#N/A
Iceland,Canada,2,1,0,1728,1501,0.7869632794,0.2130367206
Sweden,Finland,0,1,0,1710,1550,0.715252751,0.284747249
Iceland,Canada,1,1,1,1728,1501,0.7869632794,0.2130367206
Finland,Yemen,0,0,1,1550,1198,0.8835282881,0.1164717119
Romania*,Moldova,2,1,0,1689,1326,0.8898878422,0.1101121578
Kazakhstan,Moldova,1,1,1,1395,1326,0.5980137658,0.4019862342
Germany,Australia,2,2,1,2033,1692,0.8768522651,0.1231477349
Georgia,Malta,2,0,0,1461,1205,0.8136122105,0.1863877895
Denmark,United States,3,2,0,1722,1747,0.4640840731,0.5359159269
Scotland,North. Ireland,1,0,0,1686,#N/A,#N/A,#N/A
Brazil,France,3,1,0,1953,1953,0.5,0.5
Macedonia,Belarus,1,2,0,1407,1559,0.2942186403,0.7057813597
Luxembourg,Slovakia,0,3,0,1213,1735,0.0472061876,0.9527938124
Spain,Ukraine,1,0,0,1918,1714,0.7639246991,0.2360753009
Lithuania,England,0,4,0,1417,1889,0.0619747159,0.9380252841
San Marino,Slovenia,0,6,0,861,1588,0.0149947267,0.9850052733
Switzerland,Estonia,3,0,0,1776,1444,0.8711477984,0.1288522016
Liechtenstein,Austria,0,5,0,1166,1688,0.0472061876,0.9527938124
Moldova,Sweden,0,2,0,1326,1710,0.0988131709,0.9011868291
Russia,Montenegro,3,0,0,1670,1527,0.6949097127,0.3050902873
Kazakhstan,Iceland,0,3,0,1395,1728,0.128207422,0.871792578
Latvia,Czech Republic,1,1,1,1456,#N/A,#N/A,#N/A
Israel,Wales,0,3,0,1546,1725,0.2630052395,0.7369947605
Malta,Azerbaijan,0,2,0,1205,1368,0.2812431701,0.7187568299
Norway,Croatia,1,5,0,1610,1826,0.2238454247,0.7761545753
Netherlands,Turkey,1,1,1,1903,1790,0.6571186865,0.3428813135
Andorra,Bosnia & Herzegovina,0,3,0,939,#N/A,#N/A,#N/A
Cyprus,Belgium,0,5,0,1393,1924,0.0449298799,0.9550701201
Bulgaria,Italy,2,2,1,1561,1919,0.1129642731,0.8870357269
Georgia,Germany,0,2,0,1461,2033,0.0358225876,0.9641774124
Scotland,Gibraltar,6,1,0,1686,1079,0.9705215145,0.0294784855
North. Ireland,Finland,2,1,0,#N/A,1550,#N/A,#N/A
Faroe Islands,Romania,0,1,0,1203,1689,0.0574517911,0.9425482089
Albania,Armenia,2,1,0,1602,1499,0.6440338538,0.3559661462
Rep. of Ireland,Poland,1,1,1,#N/A,1794,#N/A,#N/A
Hungary,Greece,0,0,1,1695,1592,0.6440338538,0.3559661462
Portugal,Serbia,2,1,0,1874,1710,0.7199190059,0.2800809941
Denmark,France,0,2,0,1722,1953,0.2092018972,0.7907981028
Qatar,Slovenia,1,0,0,1513,1588,0.3937121762,0.6062878238
Belarus,Gabon,0,0,1,1559,1442,0.6622877974,0.3377122026
Macedonia,Australia,0,0,1,1407,1692,0.1623845416,0.8376154584
Kazakhstan,Russia,0,0,1,1395,1670,0.1703671766,0.8296328234
Liechtenstein,San Marino,1,0,0,1166,861,0.8526729521,0.1473270479
Italy,England,1,1,1,1919,1889,0.543066492,0.456933508
Slovakia,Czech Republic,1,0,0,1735,#N/A,#N/A,#N/A
Latvia,Ukraine,1,1,1,1456,1714,0.1846481847,0.8153518153
Iceland,Estonia,1,1,1,1728,1444,0.836830966,0.163169034
Switzerland,United States,1,1,1,1776,1747,0.5416377027,0.4583622973
Sweden,Iran,3,1,0,1710,1729,0.472684027,0.527315973
Turkey,Luxembourg,2,1,0,1790,1213,0.965158361,0.034841639
Bosnia & Herzegovina,Austria,1,1,1,#N/A,1688,#N/A,#N/A
Spain,Netherlands,0,2,0,1918,1903,0.5215733331,0.4784266669
Cape Verde,Portugal,2,0,0,1504,1874,0.1062253198,0.8937746802
Israel,Belgium,0,1,0,1546,1924,0.101931721,0.898068279
Burkina Faso,Kazakhstan,0,0,1,1461,1395,0.5938553852,0.4061446148
North. Ireland,Qatar,1,1,1,#N/A,1513,#N/A,#N/A
Lithuania,Hungary,0,4,0,1417,1695,0.1679401595,0.8320598405
United States,Netherlands,4,3,0,1747,1903,0.2894599876,0.7105400124
Scotland,Qatar,1,0,0,1686,1513,0.7302454133,0.2697545867
Equatorial Guinea,Andorra,1,0,0,1334,939,0.9066840317,0.0933159683
England,Rep. of Ireland,0,0,1,1889,#N/A,#N/A,#N/A
Azerbaijan,Serbia,1,4,0,1368,1710,0.1225274857,0.8774725143
Belarus,Russia,2,4,0,1559,1670,0.3454800056,0.6545199944
Gibraltar,Croatia,0,4,0,1079,1826,0.0133858921,0.9866141079
Belgium,France,4,3,0,1924,1953,0.4583622973,0.5416377027
Bulgaria,Turkey,0,4,0,1561,1790,0.2111129318,0.7888870682
Denmark,Montenegro,2,1,0,1722,1527,0.7544540419,0.2455459581
Sweden,Norway,0,0,1,1710,1610,0.6400649998,0.3599350002
Malta,Lithuania,2,0,0,1205,1417,0.2278713265,0.7721286735
Georgia,Ukraine,1,2,0,1461,1714,0.1890208419,0.8109791581
Finland,Estonia,0,2,0,1550,1444,0.6479830133,0.3520169867
Luxembourg,Moldova,0,0,1,1213,1326,0.3428813135,0.6571186865
Switzerland,Liechtenstein,3,0,0,1776,1166,0.9710115888,0.0289884112
United States,Germany,2,1,0,1747,2033,0.1616030926,0.8383969074
Spain,Costa Rica,2,1,0,1918,1769,0.7021826021,0.2978173979
Turkey,Kazakhstan,1,0,0,1790,1395,0.9066840317,0.0933159683
Netherlands,Latvia,2,0,0,1903,1456,0.9291127058,0.0708872942
Iceland,Czech Republic,2,1,0,1728,#N/A,#N/A,#N/A
Andorra,Cyprus,1,3,0,939,1393,0.0682788143,0.9317211857
Wales,Belgium,1,0,0,1725,1924,0.2413053799,0.7586946201
Bulgaria,Malta,1,0,0,1561,1205,0.8858769426,0.1141230574
Bosnia & Herzegovina,Israel,3,1,0,#N/A,1546,#N/A,#N/A
Croatia,Italy,1,1,1,1826,1919,0.3692697114,0.6307302886
Norway,Azerbaijan,0,0,1,1610,1368,0.8010809398,0.1989190602
Germany,Gibraltar,7,0,0,2033,1079,0.9958959375,0.0041040625
Georgia,Poland,0,4,0,1461,1794,0.128207422,0.871792578
Scotland,Rep. of Ireland,1,1,1,1686,#N/A,#N/A,#N/A
Finland,Hungary,0,1,0,1550,1695,0.3026549214,0.6973450786
Portugal,Armenia,3,2,0,1874,1499,0.8964765079,0.1035234921
France,Albania,0,1,0,1953,1602,0.8829346041,0.1170653959
Faroe Islands,Greece,2,1,0,1203,1592,0.0962795616,0.9037204384
Romania,North. Ireland,0,0,1,1689,#N/A,#N/A,#N/A
Serbia,Denmark,0,2,0,1710,1722,0.4827374756,0.5172625244
Slovakia,Macedonia,2,1,0,1735,1407,0.868541,0.131459
Ukraine,Luxembourg,3,0,0,1714,1213,0.9470491982,0.0529508018
San Marino,Estonia,0,2,0,861,1444,0.0336986562,0.9663013438
Slovenia,England,2,3,0,1588,1889,0.1502431482,0.8497568518
Moldova,Liechtenstein,1,1,1,1326,1166,0.715252751,0.284747249
Russia,Austria,0,1,0,1670,1688,0.4741190691,0.5258809309
Belarus,Spain,0,1,0,1559,1918,0.1123887401,0.8876112599
Lithuania,Switzerland,1,2,0,1417,1776,0.1123887401,0.8876112599
Montenegro,Sweden,1,3,0,1527,1710,0.258566477,0.741433523
Italy,Portugal,0,1,0,1919,1874,0.5644004902,0.4355995098
Greece,Poland,0,0,1,1592,1794,0.2381578901,0.7618421099
Kazakhstan,Czech Republic,1,2,0,1395,#N/A,#N/A,#N/A
Croatia,Azerbaijan,0,0,1,1826,1368,0.9331715354,0.0668284646
Netherlands,Iceland,0,1,0,1903,1728,0.7325072898,0.2674927102
Latvia,Turkey,1,1,1,1456,1790,0.1275653964,0.8724346036
Bosnia & Herzegovina,Belgium,1,3,0,#N/A,1924,#N/A,#N/A
Wales,Cyprus,1,0,0,1725,1393,0.8711477984,0.1288522016
Israel,Andorra,4,0,0,1546,939,0.9705215145,0.0294784855
Bulgaria,Norway,0,1,0,1561,1610,0.4299471764,0.5700528236
Italy,Malta,1,0,0,1919,1205,0.9838589113,0.0161410887
Poland,Germany,1,3,0,1794,2033,0.2016852558,0.7983147442
Scotland,Georgia,0,1,0,1686,1461,0.785026737,0.214973263
Rep. of Ireland,Gibraltar,4,0,0,#N/A,1079,#N/A,#N/A
North. Ireland,Faroe Islands,3,1,0,#N/A,1203,#N/A,#N/A
Finland,Greece,1,0,0,1550,1592,0.4398498548,0.5601501452
Romania,Hungary,0,0,1,1689,1695,0.4913661642,0.5086338358
Albania,Denmark,0,0,1,1602,1722,0.3338605754,0.6661394246
Serbia,Armenia,2,0,0,1710,1499,0.7711142607,0.2288857393
France,Portugal,1,0,0,1953,1874,0.6117705008,0.3882294992
Luxembourg,Macedonia,1,0,0,1213,1407,0.2466139222,0.7533860778
Ukraine,Belarus,3,1,0,1714,1559,0.7093546306,0.2906453694
Lithuania,Estonia,0,1,0,1417,1444,0.4612219079,0.5387780921
England,San Marino,6,0,0,1889,861,0.9973156901,0.0026843099
Sweden,Russia,0,1,0,1710,1670,0.5573116338,0.4426883662
Spain,Slovakia,2,0,0,1918,1735,0.741433523,0.258566477
Slovenia,Switzerland,2,3,0,1588,1776,0.2530870786,0.7469129214
Moldova,Austria,0,1,0,1326,1688,0.1106774863,0.8893225137
Liechtenstein,Montenegro,0,2,0,1166,1527,0.1112453544,0.8887546456
Iceland,Kazakhstan,0,0,1,1728,1395,0.871792578,0.128207422
Czech Republic,Latvia,2,1,0,#N/A,1456,#N/A,#N/A
Turkey,Netherlands,3,0,0,1790,1903,0.3428813135,0.6571186865
Wales,Israel,0,0,1,1725,1546,0.7369947605,0.2630052395
Azerbaijan,Malta,2,2,1,1368,1205,0.7187568299,0.2812431701
Norway,Croatia,2,0,0,1610,1826,0.2238454247,0.7761545753
Andorra,Bosnia & Herzegovina,0,3,0,939,#N/A,#N/A,#N/A
Cyprus,Belgium,0,1,0,1393,1924,0.0449298799,0.9550701201
Italy,Bulgaria,1,0,0,1919,1561,0.8870357269,0.1129642731
Armenia,Denmark,0,0,1,1499,1722,0.2169225566,0.7830774434
Poland,Gibraltar,8,1,0,1794,1079,0.983950073,0.016049927
Georgia,Rep. of Ireland,0,1,0,1461,#N/A,#N/A,#N/A
Scotland,Germany,2,3,0,1686,2033,0.1194664378,0.8805335622
Finland,Faroe Islands,1,0,0,1550,1203,0.8805335622,0.1194664378
North. Ireland,Hungary,1,1,1,#N/A,1695,#N/A,#N/A
Romania,Greece,0,0,1,1689,1592,0.6360768997,0.3639231003
Portugal,Albania,1,0,0,1874,1602,0.827178017,0.172821983
Serbia,France,1,2,0,1710,1953,0.1980033559,0.8019966441
Belarus,Luxembourg,2,0,0,1559,1213,0.879926688,0.120073312
Macedonia,Spain,0,1,0,1407,1918,0.0501372881,0.9498627119
Slovakia,Ukraine,0,0,1,1735,1714,0.53018468,0.46981532
England,Switzerland,2,0,0,1889,1776,0.6571186865,0.3428813135
Lithuania,San Marino,2,1,0,1417,861,0.9608565972,0.0391434028
Slovenia,Estonia,1,0,0,1588,1444,0.6961287704,0.3038712296
Russia,Liechtenstein,7,0,0,1670,1166,0.9479085507,0.0520914493
Moldova,Montenegro,0,2,0,1326,1527,0.239203909,0.760796091
Austria,Sweden,4,1,0,1688,1710,0.4683817022,0.5316182978
Rep. of Ireland,Germany,1,0,0,#N/A,2033,#N/A,#N/A
Gibraltar,Georgia,0,4,0,1079,1461,0.0998431327,0.9001568673
Poland,Scotland,2,2,1,1794,1686,0.6506046279,0.3493953721
Faroe Islands,Hungary,1,2,0,1203,1695,0.0556098168,0.9443901832
North. Ireland,Greece,3,1,0,#N/A,1592,#N/A,#N/A
Romania,Finland,1,1,1,1689,1550,0.6900062073,0.3099937927
Albania,Serbia,0,2,0,1602,1710,0.3493953721,0.6506046279
Portugal,Denmark,1,0,0,1874,1722,0.7057813597,0.2942186403
France,Armenia,4,0,0,1953,1499,0.9317211857,0.0682788143
Macedonia,Ukraine,0,2,0,1407,1714,0.1458866381,0.8541133619
Slovenia,Lithuania,1,1,1,1588,1417,0.7279715135,0.2720284865
Belarus,Slovakia,1,0,0,1559,1735,0.2663662976,0.7336337024
Spain,Luxembourg,4,0,0,1918,1213,0.9830152078,0.0169847922
Estonia,England,0,2,0,1444,1889,0.071649318,0.928350682
Switzerland,San Marino,7,0,0,1776,861,0.9948682491,0.0051317509
Liechtenstein,Sweden,0,2,0,1166,1710,0.04182582,0.95817418
Russia,Moldova,2,1,0,1670,1326,0.8787049512,0.1212950488
Austria,Montenegro,3,2,0,1688,1527,0.7164236941,0.2835763059
Equatorial Guinea,Kosovo,0,2,0,1334,1391,0.4186985216,0.5813014784
Czech Republic,Turkey,0,2,0,#N/A,1790,#N/A,#N/A
Iceland,Latvia,2,2,1,1728,1456,0.827178017,0.172821983
Netherlands,Kazakhstan,2,1,0,1903,1395,0.9490338639,0.0509661361
Italy,Azerbaijan,3,1,0,1919,1368,0.9597595844,0.0402404156
Norway,Malta,2,0,0,1610,1205,0.91144177,0.08855823
Andorra,Belgium,1,4,0,939,1924,0.0034356219,0.9965643781
Bosnia & Herzegovina,Wales,2,0,0,#N/A,1725,#N/A,#N/A
Israel,Cyprus,1,2,0,1546,1393,0.7069752948,0.2930247052
Croatia,Bulgaria,3,0,0,1826,1561,0.8213414717,0.1786585283
Germany,Georgia,2,1,0,2033,1461,0.9641774124,0.0358225876
Romania,Faroe Islands,3,0,0,1689,1203,0.9425482089,0.0574517911
Finland,North. Ireland,1,1,1,1550,#N/A,#N/A,#N/A
Hungary,Greece,3,4,0,1695,1592,0.6440338538,0.3559661462
Armenia,Albania,0,3,0,1499,1602,0.3559661462,0.6440338538
Serbia,Portugal,1,2,0,1710,1874,0.2800809941,0.7199190059
Gibraltar,Scotland,0,6,0,1079,1686,0.0294784855,0.9705215145
Rep. of Ireland,Poland,1,2,0,#N/A,1794,#N/A,#N/A
Denmark,France,1,2,0,1722,1953,0.2092018972,0.7907981028
Liechtenstein,Austria,0,3,0,1166,1688,0.0472061876,0.9527938124
Macedonia,Belarus,0,0,1,1407,1559,0.2942186403,0.7057813597
Montenegro,Russia,0,2,0,1527,1670,0.3050902873,0.6949097127
Moldova,Sweden,0,2,0,1326,1710,0.0988131709,0.9011868291
Slovakia,Luxembourg,4,2,0,1735,1213,0.9527938124,0.0472061876
Spain,Ukraine,1,0,0,1918,1714,0.7639246991,0.2360753009
Switzerland,Estonia,1,0,0,1776,1444,0.8711477984,0.1288522016
England,Lithuania,3,0,0,1889,1417,0.9380252841,0.0619747159
Slovenia,San Marino,2,0,0,1588,861,0.9850052733,0.0149947267
Kazakhstan,Latvia,1,0,0,1395,1456,0.4131049766,0.5868950234
Czech Republic,Netherlands,3,2,0,#N/A,1903,#N/A,#N/A
Iceland,Turkey,0,1,0,1728,1790,0.4117100281,0.5882899719
Israel,Belgium,1,3,0,1546,1924,0.101931721,0.898068279
Italy,Norway,2,1,0,1919,1610,0.8555420749,0.1444579251
Bosnia & Herzegovina,Cyprus,3,2,0,#N/A,1393,#N/A,#N/A
Bulgaria,Azerbaijan,2,0,0,1561,1368,0.7523149936,0.2476850064
Croatia,Malta,1,0,0,1826,1205,0.9727417753,0.0272582247
Andorra,Wales,0,2,0,939,1725,0.0107230392,0.9892769608
Malta,Jordan,0,2,0,1205,1521,0.1395488382,0.8604511618
Estonia,Georgia,3,0,0,1444,1461,0.4755545389,0.5244454611
St. Kitts/Nevis,Andorra,1,0,0,#N/A,939,#N/A,#N/A
Macedonia,Montenegro,4,1,0,1407,1527,0.3338605754,0.6661394246
Hungary,Norway,1,0,0,1695,1610,0.619941359,0.380058641
Albania,Kosovo,2,2,1,1602,1391,0.7711142607,0.2288857393
Iceland,Poland,2,4,0,1728,1794,0.4061446148,0.5938553852
Qatar,Turkey,1,2,0,1513,1790,0.1687460843,0.8312539157
Luxembourg,Greece,1,0,0,1213,1592,0.1014059711,0.8985940289
Czech Republic,Serbia,4,1,0,#N/A,1710,#N/A,#N/A
Belgium,Italy,3,1,0,1924,1919,0.5071950817,0.4928049183
Netherlands,Wales,3,2,0,1903,1725,0.7358774441,0.2641225559
Switzerland,Slovakia,2,3,0,1776,1735,0.5587313693,0.4412686307
Rep. of Ireland,Bosnia & Herzegovina,1,1,1,#N/A,#N/A,#N/A,#N/A
Latvia,North. Ireland,0,1,0,1456,#N/A,#N/A,#N/A
Spain,England,2,0,0,1918,1889,0.5416377027,0.4583622973
France,Germany,2,0,0,1953,2033,0.3868631798,0.6131368202
Portugal,Russia,0,1,0,1874,1670,0.7639246991,0.2360753009
Sweden,Denmark,2,1,0,1710,1722,0.4827374756,0.5172625244
Slovenia,Ukraine,0,2,0,1588,1714,0.3262238121,0.6737761879
Norway,Hungary,1,2,0,1610,1695,0.380058641,0.619941359
Albania,Georgia,2,2,1,1602,1461,0.6924633926,0.3075366074
Bosnia & Herzegovina,Rep. of Ireland,0,2,0,#N/A,#N/A,#N/A,#N/A
St. Kitts/Nevis,Estonia,0,3,0,#N/A,1444,#N/A,#N/A
Poland,Czech Republic,3,1,0,1794,#N/A,#N/A,#N/A
Lebanon,Macedonia,1,0,0,1365,1407,0.4398498548,0.5601501452
Croatia,Russia,3,1,0,1826,1670,0.7105400124,0.2894599876
Azerbaijan,Moldova,2,1,0,1368,1326,0.5601501452,0.4398498548
Turkey,Greece,3,0,0,1790,1592,0.7576391749,0.2423608251
Portugal,Luxembourg,2,0,0,1874,1213,0.9782259518,0.0217740482
Iceland,Slovakia,1,3,0,1728,1735,0.4899275531,0.5100724469
Denmark,Sweden,2,2,1,1722,1710,0.5172625244,0.4827374756
Romania,Italy,2,2,1,1689,1919,0.2101558202,0.7898441798
Austria,Switzerland,1,2,0,1688,1776,0.3759982414,0.6240017586
Ukraine,Slovenia,1,1,1,1714,1588,0.6737761879,0.3262238121
England,France,2,0,0,1889,1953,0.4089244037,0.5910755963
Norway,Moldova,2,1,0,1610,1326,0.836830966,0.163169034
Moldova,Sweden,1,2,0,1326,1710,0.0988131709,0.9011868291
Poland,Norway,3,0,0,1794,1610,0.7425355589,0.2574644411
Poland,Moldova,1,0,0,1794,1326,0.9366731247,0.0633268753
Iceland,Sweden,0,2,0,1728,1710,0.5258809309,0.4741190691
Finland,Oman,0,0,1,1550,1463,0.6226501958,0.3773498042
Gibraltar,Faroe Islands,1,4,0,1079,1203,0.3287594192,0.6712405808
South Korea,Greece,2,0,0,1785,1592,0.7523149936,0.2476850064
Liechtenstein,Georgia,0,2,0,1166,1461,0.1547061894,0.8452938106
Russia,Armenia,2,0,0,1670,1499,0.7279715135,0.2720284865
Lithuania,Kazakhstan,1,1,1,1417,1395,0.5316182978,0.4683817022
Philippines,Azerbaijan,0,1,0,1267,1368,0.358609888,0.641390112
Bulgaria,Belarus,2,1,0,1561,1559,0.5028781996,0.4971218004
Algeria,Slovenia,2,0,0,1653,1588,0.5924662306,0.4075337694
Hungary,Finland,1,2,0,1695,1550,0.6973450786,0.3026549214
Montenegro,Ghana,1,0,0,1527,1639,0.3441794941,0.6558205059
Haiti,Kosovo,0,0,1,1463,1391,0.6021580932,0.3978419068
Albania,Malta,2,0,0,1602,1205,0.9076535682,0.0923464318
Czech Republic,Norway,2,2,1,#N/A,1610,#N/A,#N/A
Israel,Slovakia,1,3,0,1546,1735,0.2520004588,0.7479995412
Cape Verde,Luxembourg,0,0,1,1504,1213,0.8422586725,0.1577413275
Egypt,Bosnia & Herzegovina,2,0,0,1652,#N/A,#N/A,#N/A
Moldova,Andorra,3,0,0,1326,939,0.9027140343,0.0972859657
Latvia,Macedonia,1,2,0,1456,1407,0.5700528236,0.4299471764
Cyprus,North. Ireland,0,0,1,1393,#N/A,#N/A,#N/A
Sweden,Turkey,1,2,0,1710,1790,0.3868631798,0.6131368202
Romania,Argentina,0,0,1,1689,2092,0.089491916,0.910508084
Ukraine,United States,2,0,0,1714,1747,0.452651482,0.547348518
Germany,Chile,1,0,0,2033,2021,0.5172625244,0.4827374756
Rep. of Ireland,Serbia,1,2,0,#N/A,1710,#N/A,#N/A
Gibraltar,Estonia,0,2,0,1079,1444,0.108989089,0.891010911
Austria,Uruguay,1,1,1,1688,1877,0.2520004588,0.7479995412
Poland,Scotland,0,1,0,1794,1686,0.6506046279,0.3493953721
Croatia,Switzerland,2,2,1,1826,1776,0.5714631174,0.4285368826
Côte d`Ivoire,Belgium,2,2,1,#N/A,1924,#N/A,#N/A
Wales,Iceland,3,1,0,1725,1728,0.4956827602,0.5043172398
France,Netherlands,2,0,0,1953,1903,0.5714631174,0.4285368826
England,Denmark,1,0,0,1889,1722,0.7233878694,0.2766121306
Italy,Spain,0,1,0,1919,1918,0.5014391117,0.4985608883
Portugal,Cameroon,5,1,0,1874,1612,0.8187932901,0.1812067099
Indonesia,Andorra,1,0,0,1208,939,0.8246953134,0.1753046866
Germany,Poland,0,0,1,2033,1794,0.7983147442,0.2016852558
Netherlands,Ecuador,1,1,1,1903,1839,0.5910755963,0.4089244037
Belarus,Iran,0,0,1,1559,1729,0.2731699277,0.7268300723
Liechtenstein,Belarus,1,5,0,1166,1559,0.0942946265,0.9057053735
Czech Republic,Finland,2,2,1,#N/A,1550,#N/A,#N/A
Turkey*,Kosovo,6,1,0,1790,1391,0.9086140467,0.0913859533
Ukraine,Niger,2,1,0,1714,1266,0.9294909044,0.0705090956
Denmark,Hungary,2,2,1,1722,1695,0.5387780921,0.4612219079
Canada,Bulgaria,1,1,1,1501,1561,0.4145013213,0.5854986787
Montenegro,Slovakia,0,2,0,1527,1735,0.2319479968,0.7680520032
Moldova,Saudi Arabia,4,0,0,1326,1528,0.2381578901,0.7618421099
Senegal,Kosovo,3,1,0,1680,1391,0.8407230427,0.1592769573
Rep. of Ireland,Turkey,1,2,0,#N/A,1790,#N/A,#N/A
Jamaica,Serbia,1,2,0,1540,1710,0.2731699277,0.7268300723
Russia,Slovakia,1,0,0,1670,1735,0.4075337694,0.5924662306
Belgium,Luxembourg,5,1,0,1924,1213,0.9835823599,0.0164176401
Iran,Montenegro,0,0,1,1729,1527,0.7618421099,0.2381578901
Estonia,Gibraltar,1,1,1,1444,1079,0.891010911,0.108989089
Macedonia,Cameroon,0,2,0,1407,1612,0.2350387364,0.7649612636
France,Norway,4,0,0,1953,1610,0.8780900739,0.1219099261
Cyprus,Japan,0,1,0,1393,1739,0.120073312,0.879926688
Moldova,Canada,1,1,1,1326,1501,0.2674927102,0.7325072898
U.A.E.,Armenia,3,4,0,#N/A,1499,#N/A,#N/A
Azerbaijan,United States,0,2,0,1368,1747,0.1014059711,0.8985940289
Denmark,Sweden,1,0,0,1722,1710,0.5172625244,0.4827374756
Israel,Mexico,0,3,0,1546,1888,0.1225274857,0.8774725143
Scotland,Nigeria,2,2,1,1686,1620,0.5938553852,0.4061446148
Saudi Arabia,Georgia,0,2,0,1528,1461,0.5952430397,0.4047569603
Turkey,Honduras,2,0,0,1790,1508,0.8352528323,0.1647471677
Latvia,Estonia,0,0,1,1456,1444,0.5172625244,0.4827374756
Finland,Lithuania,0,1,0,1550,1417,0.6825703855,0.3174296145
Qatar,Macedonia,0,0,1,1513,1407,0.6479830133,0.3520169867
Iceland,Austria,1,1,1,1728,1688,0.5573116338,0.4426883662
Jamaica,Switzerland,0,1,0,1540,1776,0.2044800997,0.7955199003
England,Peru,3,0,0,1889,1824,0.5924662306,0.4075337694
Bolivia,Spain,0,2,0,1553,1918,0.108989089,0.891010911
Uruguay,North. Ireland,1,0,0,1877,#N/A,#N/A,#N/A
Côte d`Ivoire,Bosnia & Herzegovina,1,2,0,#N/A,#N/A,#N/A,#N/A
Norway,Russia,1,1,1,1610,1670,0.4145013213,0.5854986787
Estonia,Finland,0,2,0,1444,1550,0.3520169867,0.6479830133
Rep. of Ireland,Italy,0,0,1,#N/A,1919,#N/A,#N/A
Mali,Croatia,1,2,0,1564,1826,0.1812067099,0.8187932901
Algeria,Armenia,3,1,0,1653,1499,0.7081663883,0.2918336117
Albania,Romania,0,1,0,1602,1689,0.3773498042,0.6226501958
Latvia,Lithuania,1,0,0,1456,1417,0.5558909611,0.4441090389
Portugal,Greece,0,0,1,1874,1592,0.8352528323,0.1647471677
Ghana,Netherlands,0,1,0,1639,1903,0.1795047927,0.8204952073
Panama,Serbia,1,1,1,1655,1710,0.4215032477,0.5784967523
France,Paraguay,1,1,1,1953,1705,0.8065275228,0.1934724772
Germany,Cameroon,2,2,1,2033,1612,0.9185996494,0.0814003506
Turkey,United States,1,2,0,1790,1747,0.561567939,0.438432061
Belgium,Sweden,2,0,0,1924,1710,0.7741479777,0.2258520223
Honduras,Israel,2,4,0,1508,1546,0.445530626,0.554469374
Georgia,U.A.E.,0,1,0,1461,#N/A,#N/A,#N/A
Czech Republic,Austria,1,2,0,#N/A,1688,#N/A,#N/A
Peru,Switzerland,0,2,0,1824,1776,0.5686413919,0.4313586081
Nigeria,Greece,0,0,1,1620,1592,0.5402082283,0.4597917717
Bosnia & Herzegovina,Mexico,1,0,0,#N/A,1888,#N/A,#N/A
Malta,Gibraltar,0,1,0,1205,1079,0.6737761879,0.3262238121
Hungary,Albania,1,0,0,1695,1602,0.6307302886,0.3692697114
Romania,Algeria,1,2,0,1689,1653,0.5516235473,0.4483764527
Netherlands,Wales,2,0,0,1903,1725,0.7358774441,0.2641225559
Italy,Luxembourg,1,1,1,1919,1213,0.9831110528,0.0168889472
Ecuador,England,2,2,1,1839,1889,0.4285368826,0.5714631174
Estonia,Iceland,0,1,0,1444,1728,0.163169034,0.836830966
Slovenia,Uruguay,0,2,0,1588,1877,0.1592769573,0.8407230427
Chile,North. Ireland,2,0,0,2021,#N/A,#N/A,#N/A
Germany,Armenia,6,1,0,2033,1499,0.9558053735,0.0441946265
Serbia,Brazil,0,1,0,1710,1953,0.1980033559,0.8019966441
Morocco,Russia,0,2,0,1573,1670,0.3639231003,0.6360768997
Lithuania,Poland,1,2,0,1417,1794,0.1024598859,0.8975401141
Croatia,Australia,1,0,0,1826,1692,0.6838163142,0.3161836858
Greece,Bolivia,2,1,0,1592,1553,0.5558909611,0.4441090389
Mexico,Portugal,0,1,0,1888,1874,0.520136722,0.479863278
Rep. of Ireland,Costa Rica,1,1,1,#N/A,1769,#N/A,#N/A
Honduras,England,0,0,1,1508,1889,0.1003616848,0.8996383152
Hungary,Kazakhstan,3,0,0,1695,1395,0.8490204428,0.1509795572
Tunisia,Belgium,0,1,0,1556,1924,0.10732334,0.89267666
Estonia,Tadzhikistan,2,1,0,1444,#N/A,#N/A,#N/A
Slovenia,Argentina,0,2,0,1588,2092,0.0520914493,0.9479085507
Spain,Salvador,2,0,0,1918,#N/A,#N/A,#N/A
Cameroon,Moldova,1,0,0,1612,1326,0.8383969074,0.1616030926
San Marino,Albania,0,3,0,861,1602,0.0138497863,0.9861502137
France,Jamaica,8,0,0,1953,1540,0.9150891111,0.0849108889
Rep. of Ireland,Portugal,1,5,0,#N/A,1874,#N/A,#N/A
Croatia,Brazil,1,3,0,1826,1953,0.324959799,0.675040201
Spain,Netherlands,1,5,0,1918,1903,0.5215733331,0.4784266669
Greece,Colombia,0,3,0,1592,1933,0.1231477349,0.8768522651
Italy,England,2,1,0,1919,1889,0.543066492,0.456933508
Honduras,France,0,3,0,1508,1953,0.071649318,0.928350682
Ecuador,Switzerland,1,2,0,1839,1776,0.5896835031,0.4103164969
Argentina,Bosnia & Herzegovina,2,1,0,2092,#N/A,#N/A,#N/A
Portugal,Germany,0,4,0,1874,2033,0.2859210974,0.7140789026
Russia,South Korea,1,1,1,1670,1785,0.3402920059,0.6597079941
Belgium,Algeria,2,1,0,1924,1653,0.8263535539,0.1736464461
Australia,Netherlands,2,3,0,1692,1903,0.2288857393,0.7711142607
Chile,Spain,2,0,0,2021,1918,0.6440338538,0.3559661462
Macedonia,China,0,2,0,1407,1557,0.2966149965,0.7033850035
Cameroon,Croatia,0,4,0,1612,1826,0.2258520223,0.7741479777
England,Uruguay,1,2,0,1889,1877,0.5172625244,0.4827374756
Japan,Greece,0,0,1,1739,1592,0.6997694033,0.3002305967
Italy,Costa Rica,0,1,0,1919,1769,0.7033850035,0.2966149965
Switzerland,France,2,5,0,1776,1953,0.2652429107,0.7347570893
Germany,Ghana,2,2,1,2033,1639,0.9061958468,0.0938041532
Bosnia & Herzegovina,Nigeria,0,1,0,#N/A,1620,#N/A,#N/A
Russia,Belgium,0,1,0,1670,1924,0.1881400017,0.8118599983
China,Macedonia,0,0,1,1557,1407,0.7033850035,0.2966149965
Portugal,United States,2,2,1,1874,1747,0.675040201,0.324959799
Spain,Australia,3,0,0,1918,1692,0.7859966023,0.2140033977
Chile,Netherlands,0,2,0,2021,1903,0.663574098,0.336425902
Mexico,Croatia,3,1,0,1888,1826,0.5882899719,0.4117100281
Costa Rica,England,0,0,1,1769,1889,0.3338605754,0.6661394246
Uruguay,Italy,1,0,0,1877,1919,0.4398498548,0.5601501452
Côte d`Ivoire,Greece,1,2,0,#N/A,1592,#N/A,#N/A
Bosnia & Herzegovina,Iran,3,1,0,#N/A,1729,#N/A,#N/A
Honduras,Switzerland,0,3,0,1508,1776,0.1761384715,0.8238615285
France,Ecuador,0,0,1,1953,1839,0.6584145209,0.3415854791
Portugal,Ghana,2,1,0,1874,1639,0.794581915,0.205418085
Germany,United States,1,0,0,2033,1747,0.8383969074,0.1616030926
Belgium,South Korea,1,0,0,1924,1785,0.6900062073,0.3099937927
Russia,Algeria,1,1,1,1670,1653,0.5244454611,0.4755545389
Costa Rica,Greece,1,1,1,1769,1592,0.7347570893,0.2652429107
Netherlands,Mexico,2,1,0,1903,1888,0.5215733331,0.4784266669
Nigeria,France,0,2,0,1620,1953,0.128207422,0.871792578
Algeria,Germany,1,2,0,1653,2033,0.1008826284,0.8991173716
Argentina,Switzerland,1,0,0,2092,1776,0.8604511618,0.1395488382
Belgium,United States,2,1,0,1924,1747,0.7347570893,0.2652429107
France,Germany,0,1,0,1953,2033,0.3868631798,0.6131368202
Belgium,Argentina,0,1,0,1924,2092,0.2754617572,0.7245382428
Netherlands,Costa Rica,0,0,1,1903,1769,0.6838163142,0.3161836858
Germany,Brazil,7,1,0,2033,1953,0.6131368202,0.3868631798
Argentina,Netherlands,0,0,1,2092,1903,0.7479995412,0.2520004588
Netherlands,Brazil,3,0,0,1903,1953,0.4285368826,0.5714631174
Germany,Argentina,1,0,0,2033,2092,0.4158990412,0.5841009588
Kazakhstan,Tadzhikistan,2,1,0,1395,#N/A,#N/A,#N/A
Uzbekistan,Azerbaijan,0,0,1,1638,1368,0.8255259874,0.1744740126
Norway,U.A.E.,0,0,1,1610,#N/A,#N/A,#N/A
Rep. of Ireland,Oman,2,0,0,#N/A,1463,#N/A,#N/A
Azerbaijan,Russia,0,4,0,1368,1670,0.1495096985,0.8504903015
U.A.E.,Lithuania,1,1,1,#N/A,1417,#N/A,#N/A
Ukraine,Moldova,1,0,0,1714,1326,0.9032184043,0.0967815957
Armenia,Latvia,0,2,0,1499,1456,0.561567939,0.438432061
Germany,Argentina,2,4,0,2033,2092,0.4158990412,0.5841009588
Turkey,Denmark,2,1,0,1790,1722,0.5966291733,0.4033708267
Czech Republic,United States,0,1,0,#N/A,1747,#N/A,#N/A
Norway,England,0,1,0,1610,1889,0.1671373097,0.8328626903
Bosnia & Herzegovina,Liechtenstein,3,0,0,#N/A,1166,#N/A,#N/A
Belarus,Tadzhikistan,6,1,0,1559,#N/A,#N/A,#N/A
Malta,Slovakia,0,1,0,1205,1735,0.0451775447,0.9548224553
Estonia,Sweden,0,2,0,1444,1710,0.1778153888,0.8221846112
Croatia,Cyprus,2,0,0,1826,1393,0.9236177787,0.0763822213
Belgium,Australia,2,0,0,1924,1692,0.7917488375,0.2082511625
Netherlands,Italy,0,2,0,1903,1919,0.4769904127,0.5230095873
France,Spain,1,0,0,1953,1918,0.5501993533,0.4498006467
Kazakhstan,Kyrgyzstan,7,1,0,1395,1205,0.7490830629,0.2509169371
Oman,Kosovo,0,1,0,1463,1391,0.6021580932,0.3978419068
Georgia,Rep. of Ireland,1,2,0,1461,#N/A,#N/A,#N/A
North. Ireland,Hungary,2,1,0,#N/A,1695,#N/A,#N/A
Denmark,Armenia,2,1,0,1722,1499,0.7830774434,0.2169225566
Scotland,Germany,1,2,0,1686,2033,0.1194664378,0.8805335622
Gibraltar,Poland,0,7,0,1079,1794,0.016049927,0.983950073
Finland,Faroe Islands,3,1,0,1550,1203,0.8805335622,0.1194664378
Romania,Greece,1,0,0,1689,1592,0.6360768997,0.3639231003
Portugal,Albania,0,1,0,1874,1602,0.827178017,0.172821983
France,Serbia,1,1,1,1953,1710,0.8019966441,0.1980033559
Russia,Liechtenstein,4,0,0,1670,1166,0.9479085507,0.0520914493
Belarus,Luxembourg,1,1,1,1559,1213,0.879926688,0.120073312
Macedonia,Spain,1,5,0,1407,1918,0.0501372881,0.9498627119
Ukraine,Slovakia,0,1,0,1714,1735,0.46981532,0.53018468
Slovenia,Estonia,0,1,0,1588,1444,0.6961287704,0.3038712296
Lithuania,San Marino,2,0,0,1417,861,0.9608565972,0.0391434028
Switzerland,England,0,2,0,1776,1889,0.3428813135,0.6571186865
Sweden,Austria,1,1,1,1710,1688,0.5316182978,0.4683817022
Moldova,Montenegro,0,2,0,1326,1527,0.239203909,0.760796091
Latvia,Kazakhstan,0,0,1,1456,1395,0.5868950234,0.4131049766
Azerbaijan,Bulgaria,1,2,0,1368,1561,0.2476850064,0.7523149936
Czech Republic,Netherlands,2,1,0,#N/A,1903,#N/A,#N/A
Turkey,Iceland,0,3,0,1790,1728,0.5882899719,0.4117100281
Wales,Andorra,2,1,0,1725,939,0.9892769608,0.0107230392
Cyprus,Bosnia & Herzegovina,2,1,0,1393,#N/A,#N/A,#N/A
Croatia,Malta,2,0,0,1826,1205,0.9727417753,0.0272582247
Norway,Italy,0,2,0,1610,1919,0.1444579251,0.8555420749
Belarus,Ukraine,0,2,0,1559,1714,0.2906453694,0.7093546306
Luxembourg,Macedonia,2,3,0,1213,1407,0.2466139222,0.7533860778
Spain,Slovakia,1,2,0,1918,1735,0.741433523,0.258566477
San Marino,England,0,5,0,861,1889,0.0026843099,0.9973156901
Lithuania,Estonia,1,0,0,1417,1444,0.4612219079,0.5387780921
Slovenia,Switzerland,1,0,0,1588,1776,0.2530870786,0.7469129214
Montenegro,Liechtenstein,0,0,1,1527,1166,0.8887546456,0.1112453544
Austria,Moldova,2,1,0,1688,1326,0.8893225137,0.1106774863
Sweden,Russia,1,1,1,1710,1670,0.5573116338,0.4426883662
Iceland,Latvia,3,0,0,1728,1456,0.827178017,0.172821983
Kazakhstan,Netherlands,1,3,0,1395,1903,0.0509661361,0.9490338639
Czech Republic,Turkey,2,1,0,#N/A,1790,#N/A,#N/A
Andorra,Belgium,0,6,0,939,1924,0.0034356219,0.9965643781
Cyprus,Israel,1,2,0,1393,1546,0.2930247052,0.7069752948
Bosnia & Herzegovina,Wales,0,0,1,#N/A,1725,#N/A,#N/A
Croatia,Bulgaria,1,0,0,1826,1561,0.8213414717,0.1786585283
Italy,Azerbaijan,2,1,0,1919,1368,0.9597595844,0.0402404156
Malta,Norway,0,3,0,1205,1610,0.08855823,0.91144177
Gibraltar,Rep. of Ireland,0,7,0,1079,#N/A,#N/A,#N/A
Scotland,Georgia,1,0,0,1686,1461,0.785026737,0.214973263
Armenia,Serbia,1,1,1,1499,1710,0.2288857393,0.7711142607
Romania,Hungary,1,1,1,1689,1695,0.4913661642,0.5086338358
Poland,Germany,2,0,0,1794,2033,0.2016852558,0.7983147442
Finland,Greece,1,1,1,1550,1592,0.4398498548,0.5601501452
North. Ireland,Faroe Islands,2,0,0,#N/A,1203,#N/A,#N/A
Denmark,Albania,1,1,1,1722,1602,0.6661394246,0.3338605754
Portugal,France,1,2,0,1874,1953,0.3882294992,0.6117705008
England,Estonia,1,0,0,1889,1444,0.928350682,0.071649318
Montenegro,Austria,0,1,0,1527,1688,0.2835763059,0.7164236941
Moldova,Russia,1,1,1,1326,1670,0.1212950488,0.8787049512
Ukraine,Macedonia,1,0,0,1714,1407,0.8541133619,0.1458866381
Belarus,Slovakia,1,3,0,1559,1735,0.2663662976,0.7336337024
Luxembourg,Spain,0,4,0,1213,1918,0.0169847922,0.9830152078
Slovenia,Lithuania,2,0,0,1588,1417,0.7279715135,0.2720284865
Liechtenstein,Sweden,0,2,0,1166,1710,0.04182582,0.95817418
Kazakhstan,Czech Republic,2,4,0,1395,#N/A,#N/A,#N/A
Netherlands,Iceland,0,2,0,1903,1728,0.7325072898,0.2674927102
Turkey,Latvia,1,1,1,1790,1456,0.8724346036,0.1275653964
Israel,Andorra,4,1,0,1546,939,0.9705215145,0.0294784855
Bosnia & Herzegovina,Belgium,1,1,1,#N/A,1924,#N/A,#N/A
Wales,Cyprus,2,1,0,1725,1393,0.8711477984,0.1288522016
Croatia,Azerbaijan,6,0,0,1826,1368,0.9331715354,0.0668284646
Malta,Italy,0,1,0,1205,1919,0.0161410887,0.9838589113
Norway,Bulgaria,2,1,0,1610,1561,0.5700528236,0.4299471764
Germany,Rep. of Ireland,1,1,1,2033,#N/A,#N/A,#N/A
France,Armenia,3,0,0,1953,1499,0.9317211857,0.0682788143
Gibraltar,Georgia,0,3,0,1079,1461,0.0998431327,0.9001568673
Poland,Scotland,2,2,1,1794,1686,0.6506046279,0.3493953721
Switzerland,San Marino,4,0,0,1776,861,0.9948682491,0.0051317509
Hungary,Faroe Islands,1,0,0,1695,1203,0.9443901832,0.0556098168
Romania,Finland,2,0,0,1689,1550,0.6900062073,0.3099937927
Greece,North. Ireland,0,2,0,1592,#N/A,#N/A,#N/A
Portugal,Denmark,1,0,0,1874,1722,0.7057813597,0.2942186403
Serbia,Albania,0,3,0,1710,1602,0.6506046279,0.3493953721
Norway,Estonia,0,1,0,1610,1444,0.7222345336,0.2777654664
Turkey,Brazil,0,4,0,1790,1953,0.2812431701,0.7187568299
Netherlands,Mexico,2,3,0,1903,1888,0.5215733331,0.4784266669
Belgium,Iceland,3,1,0,1924,1728,0.7555188821,0.2444811179
Croatia,Argentina,1,2,0,1826,2092,0.1778153888,0.8221846112
Georgia,Poland,0,4,0,1461,1794,0.128207422,0.871792578
Gibraltar,Germany,0,4,0,1079,2033,0.0041040625,0.9958959375
Scotland,Rep. of Ireland,1,0,0,1686,#N/A,#N/A,#N/A
Faroe Islands,Greece,1,0,0,1203,1592,0.0962795616,0.9037204384
Finland,Hungary,0,1,0,1550,1695,0.3026549214,0.6973450786
North. Ireland,Romania,0,2,0,#N/A,1689,#N/A,#N/A
Armenia,Portugal,0,1,0,1499,1874,0.1035234921,0.8964765079
Serbia,Denmark,1,3,0,1710,1722,0.4827374756,0.5172625244
France,Albania,1,1,1,1953,1602,0.8829346041,0.1170653959
Ukraine,Luxembourg,3,0,0,1714,1213,0.9470491982,0.0529508018
Slovenia,England,1,3,0,1588,1889,0.1502431482,0.8497568518
Estonia,San Marino,0,0,1,1444,861,0.9663013438,0.0336986562
Austria,Russia,1,0,0,1688,1670,0.5258809309,0.4741190691
Moldova,Liechtenstein,0,1,0,1326,1166,0.715252751,0.284747249
Macedonia,Slovakia,0,2,0,1407,1735,0.131459,0.868541
Belarus,Spain,0,3,0,1559,1918,0.1123887401,0.8876112599
Switzerland,Lithuania,4,0,0,1776,1417,0.8876112599,0.1123887401
Sweden,Montenegro,1,1,1,1710,1527,0.741433523,0.258566477
Iceland,Czech Republic,1,2,0,1728,#N/A,#N/A,#N/A
Netherlands,Latvia,6,0,0,1903,1456,0.9291127058,0.0708872942
Cyprus,Andorra,5,0,0,1393,939,0.9317211857,0.0682788143
Belgium,Wales,0,0,1,1924,1725,0.7586946201,0.2413053799
Norway,Azerbaijan,1,0,0,1610,1368,0.8010809398,0.1989190602
Kazakhstan,Turkey,1,3,0,1395,1790,0.0933159683,0.9066840317
Israel,Bosnia & Herzegovina,3,0,0,1546,#N/A,#N/A,#N/A
Bulgaria,Malta,1,1,1,1561,1205,0.8858769426,0.1141230574
Croatia,Italy,1,1,1,1826,1919,0.3692697114,0.6307302886
Ukraine,Lithuania,0,0,1,1714,1417,0.8467934031,0.1532065969
Slovakia,Finland,2,1,0,1735,1550,0.743634522,0.256365478
Belarus,Mexico,3,2,0,1559,1888,0.1308031345,0.8691968655
Greece,Serbia,0,2,0,1592,1710,0.336425902,0.663574098
Colombia,Slovenia,1,0,0,1933,1588,0.8793171535,0.1206828465
Austria,Brazil,1,2,0,1688,1953,0.1786585283,0.8213414717
Estonia,Jordan,1,0,0,1444,1521,0.3909673966,0.6090326034
Romania,Denmark,2,0,0,1689,1722,0.452651482,0.547348518
Russia,Hungary,2,1,0,1670,1695,0.4640840731,0.5359159269
Switzerland,Poland,2,2,1,1776,1794,0.4741190691,0.5258809309
Spain,Germany,0,1,0,1918,2033,0.3402920059,0.6597079941
Argentina,Portugal,0,1,0,2092,1874,0.7781484542,0.2218515458
United States,Rep. of Ireland,1,4,0,1747,#N/A,#N/A,#N/A
Italy,Albania,1,0,0,1919,1602,0.8611409357,0.1388590643
Scotland,England,1,3,0,1686,1889,0.2371150197,0.7628849803
Sweden,France,0,1,0,1710,1953,0.1980033559,0.8019966441
Qatar,Estonia,3,0,0,1513,1444,0.5980137658,0.4019862342
Norway,South Africa,1,0,0,1610,1601,0.5129491449,0.4870508551
Zambia,Norway,0,0,1,1446,1610,0.2800809941,0.7199190059
North Korea,Sweden,1,1,1,1494,1710,0.2238454247,0.7761545753
Thailand,Finland,1,3,0,1430,1550,0.3338605754,0.6661394246
Finland,Sweden,0,3,0,1550,1710,0.284747249,0.715252751
Uzbekistan,Azerbaijan,0,0,1,1638,1368,0.8255259874,0.1744740126
Poland,Romania*,4,1,0,1794,1689,0.6466688423,0.3533311577
Armenia,Luxembourg,1,1,1,1499,1213,0.8383969074,0.1616030926
Japan,Latvia,3,0,0,1739,1456,0.8360434255,0.1639565745
Croatia,South Korea,4,0,0,1826,1785,0.5587313693,0.4412686307
Liechtenstein,Azerbaijan,0,1,0,1166,1368,0.2381578901,0.7618421099
Moldova,Kazakhstan,1,3,0,1326,1395,0.4019862342,0.5980137658
Cyprus,Serbia,1,3,0,1393,1710,0.1388590643,0.8611409357
Hungary,Belarus,1,1,1,1695,1559,0.6863002577,0.3136997423
Bosnia & Herzegovina,Slovenia,3,0,0,#N/A,1588,#N/A,#N/A
Ukraine,Norway,2,0,0,1714,1610,0.6453524504,0.3546475496
Israel,Finland,2,1,0,1546,1550,0.4942437916,0.5057562084
Albania,Georgia,1,2,0,1602,1461,0.6924633926,0.3075366074
Uruguay,Spain,1,3,0,1877,1918,0.4412686307,0.5587313693
Czech Republic,Turkey,2,0,0,#N/A,1790,#N/A,#N/A
Macedonia,Denmark,3,0,0,1407,1722,0.1402414805,0.8597585195
North. Ireland,Malta,0,0,1,#N/A,1205,#N/A,#N/A
England,Brazil,2,1,0,1889,1953,0.4089244037,0.5910755963
Italy,Netherlands,1,1,1,1919,1903,0.5230095873,0.4769904127
Switzerland,Greece,0,0,1,1776,1592,0.7425355589,0.2574644411
Argentina,Sweden,3,2,0,2092,1710,0.9001568673,0.0998431327
Iceland,Russia,0,2,0,1728,1670,0.582701885,0.417298115
Slovakia,Belgium,1,2,0,1735,1924,0.2520004588,0.7479995412
Austria,Wales,1,2,0,1688,1725,0.4469531048,0.5530468952
Estonia,Scotland,0,1,0,1444,1686,0.1989190602,0.8010809398
Poland,Rep. of Ireland,0,2,0,1794,#N/A,#N/A,#N/A
Australia,Romania,2,3,0,1692,1689,0.5043172398,0.4956827602
Germany,France,2,1,0,2033,1953,0.6131368202,0.3868631798
Ecuador,Portugal,3,2,0,1839,1874,0.4498006467,0.5501993533
Thailand*,Faroe Islands,2,0,0,1430,1203,0.7869632794,0.2130367206
Belarus,Jordan,0,1,0,1559,1521,0.554469374,0.445530626
Italy,Brazil,2,2,1,1919,1953,0.4512256641,0.5487743359
Portugal,Israel,3,3,1,1874,1546,0.868541,0.131459
Malta,Bulgaria,0,6,0,1205,1561,0.1141230574,0.8858769426
Iceland,Slovenia,2,1,0,1728,1588,0.6912361524,0.3087638476
Serbia,Croatia,0,2,0,1710,1826,0.3390009088,0.6609990912
Germany,Kazakhstan,3,0,0,2033,1395,0.9752199278,0.0247800722
Norway,Albania,0,1,0,1610,1602,0.5115108912,0.4884891088
Latvia,Liechtenstein,1,1,1,1456,1166,0.8414923669,0.1585076331
Andorra,Turkey,0,2,0,939,1790,0.0074007197,0.9925992803
Lithuania,Slovakia,1,1,1,1417,1735,0.1381721524,0.8618278476
Luxembourg,Azerbaijan,0,0,1,1213,1368,0.2906453694,0.7093546306
Faroe Islands,Austria,0,6,0,1203,1688,0.057764305,0.942235695
Moldova,Montenegro,0,1,0,1326,1527,0.239203909,0.760796091
Czech Republic,Denmark,0,3,0,#N/A,1722,#N/A,#N/A
Netherlands,Estonia,3,0,0,1903,1444,0.9335296285,0.0664703715
Hungary,Romania,2,2,1,1695,1689,0.5086338358,0.4913661642
Spain,Finland,1,1,1,1918,1550,0.89267666,0.10732334
Sweden,Rep. of Ireland,0,0,1,1710,#N/A,#N/A,#N/A
Greece,Bosnia & Herzegovina,1,3,0,1592,#N/A,#N/A,#N/A
Poland,Ukraine,1,3,0,1794,1714,0.6131368202,0.3868631798
Macedonia,Belgium,0,2,0,1407,1924,0.0485177541,0.9514822459
England,San Marino,8,0,0,1889,861,0.9973156901,0.0026843099
Georgia,France,1,3,0,1461,1953,0.0556098168,0.9443901832
Scotland,Wales,1,2,0,1686,1725,0.4441090389,0.5558909611
Cyprus,Switzerland,0,0,1,1393,1776,0.099326964,0.900673036
Brazil,Russia,1,1,1,1953,1670,0.8360434255,0.1639565745
Belarus,Canada,2,0,0,1559,1501,0.582701885,0.417298115
Armenia,Czech Republic,0,3,0,1499,#N/A,#N/A,#N/A
Azerbaijan,Portugal,0,2,0,1368,1874,0.0515258876,0.9484741124
Andorra,Estonia,0,2,0,939,1444,0.0518079389,0.9481920611
Hungary,Turkey,1,1,1,1695,1790,0.3665922999,0.6334077001
Luxembourg,Finland,0,3,0,1213,1550,0.1256557732,0.8743442268
Moldova,Ukraine,1,2,0,1326,1714,0.0967815957,0.9032184043
Albania,Lithuania,4,1,0,1602,1417,0.743634522,0.256365478
Serbia,Scotland,2,0,0,1710,1686,0.5344839447,0.4655160553
Romania,Netherlands,0,4,0,1689,1903,0.2258520223,0.7741479777
Bulgaria,Denmark,1,1,1,1561,1722,0.2835763059,0.7164236941
Sweden,Slovakia,0,0,1,1710,1735,0.4640840731,0.5359159269
England,Montenegro,1,1,1,1889,1527,0.8893225137,0.1106774863
Spain,France,1,0,0,1918,1953,0.4498006467,0.5501993533
Rep. of Ireland,Austria,2,2,1,#N/A,1688,#N/A,#N/A
Poland,San Marino,5,0,0,1794,861,0.9953710233,0.0046289767
Belgium,Macedonia,1,0,0,1924,1407,0.9514822459,0.0485177541
Croatia,Wales,2,1,0,1826,1725,0.641390112,0.358609888
North. Ireland,Israel,0,2,0,#N/A,1546,#N/A,#N/A
Italy,Malta,2,0,0,1919,1205,0.9838589113,0.0161410887
Germany,Kazakhstan,4,1,0,2033,1395,0.9752199278,0.0247800722
Qatar,Latvia,3,1,0,1513,1456,0.5813014784,0.4186985216
Latvia,Turkey,3,3,1,1456,1790,0.1275653964,0.8724346036
Azerbaijan,Qatar,1,1,1,1368,1513,0.3026549214,0.6973450786
Ecuador,Germany,2,4,0,1839,2033,0.2466139222,0.7533860778
Rep. of Ireland,England,1,1,1,#N/A,1889,#N/A,#N/A
United States,Belgium,2,4,0,1747,1924,0.2652429107,0.7347570893
Bulgaria,Japan,2,0,0,1561,1739,0.2641225559,0.7358774441
Turkey,Slovenia,0,2,0,1790,1588,0.7618421099,0.2381578901
San Marino,Italy,0,4,0,861,1919,0.0022595273,0.9977404727
Rep. of Ireland,Georgia,4,0,0,#N/A,1461,#N/A,#N/A
Cameroon,Ukraine,0,0,1,1612,1714,0.3572869312,0.6427130688
Germany,United States,3,4,0,2033,1747,0.8383969074,0.1616030926
Brazil,England,2,2,1,1953,1889,0.5910755963,0.4089244037
Israel,Honduras,2,0,0,1546,1508,0.554469374,0.445530626
Belarus,Estonia,2,0,0,1559,1444,0.6597079941,0.3402920059
Macedonia,Sweden,0,1,0,1407,1710,0.1487792024,0.8512207976
Kazakhstan,Bulgaria,1,2,0,1395,1561,0.2777654664,0.7222345336
Trinidad & Tobago,Romania,0,4,0,#N/A,1689,#N/A,#N/A
Liechtenstein,Poland,0,2,0,1166,1794,0.0262098995,0.9737901005
Denmark,Georgia,2,1,0,1722,1461,0.8179376311,0.1820623689
Uruguay,France,1,0,0,1877,1953,0.3923389359,0.6076610641
Kuwait,Hungary,0,1,0,1466,1695,0.2111129318,0.7888870682
Indonesia,Netherlands,0,3,0,1208,1903,0.017973116,0.982026884
Luxembourg,Azerbaijan,1,1,1,1213,1368,0.2906453694,0.7093546306
Armenia,Malta,0,1,0,1499,1205,0.8445395282,0.1554604718
Belarus,Finland,0,1,0,1559,1550,0.5129491449,0.4870508551
Latvia,Bosnia & Herzegovina,0,5,0,1456,#N/A,#N/A,#N/A
Trinidad & Tobago,Estonia,0,1,0,#N/A,1444,#N/A,#N/A
Slovakia,Liechtenstein,1,1,1,1735,1166,0.9635761344,0.0364238656
Moldova,Poland,1,1,1,1326,1794,0.0633268753,0.9366731247
Croatia,Scotland,0,1,0,1826,1686,0.6912361524,0.3087638476
Norway,Albania,1,1,1,1610,1602,0.5115108912,0.4884891088
Ukraine,Montenegro,4,0,0,1714,1527,0.7458232084,0.2541767916
Czech Republic,Italy,0,0,1,#N/A,1919,#N/A,#N/A
Rep. of Ireland,Faroe Islands,3,0,0,#N/A,1203,#N/A,#N/A
Belgium,Serbia,2,1,0,1924,1710,0.7741479777,0.2258520223
Austria,Sweden,2,1,0,1688,1710,0.4683817022,0.5316182978
Slovenia,Iceland,4,2,0,1588,1728,0.3087638476,0.6912361524
Lithuania,Greece,0,1,0,1417,1592,0.2674927102,0.7325072898
Russia,Portugal,0,1,0,1670,1874,0.2360753009,0.7639246991
Cyprus,Switzerland,0,1,0,1393,1776,0.099326964,0.900673036
Spain,Haiti,2,1,0,1918,1463,0.9320864847,0.0679135153
France,Brazil,0,3,0,1953,1953,0.5,0.5
Portugal,Croatia,1,0,0,1874,1826,0.5686413919,0.4313586081
Netherlands,China,2,0,0,1903,1557,0.879926688,0.120073312
Norway,Macedonia,2,0,0,1610,1407,0.7628849803,0.2371150197
Finland,Belarus,1,1,1,1550,1559,0.4870508551,0.5129491449
Faroe Islands,Sweden,0,2,0,1203,1710,0.0512452889,0.9487547111
Estonia,Kyrgyzstan,1,1,1,1444,1205,0.7983147442,0.2016852558
Denmark,Armenia,0,4,0,1722,1499,0.7830774434,0.2169225566
Haiti,Italy,2,2,1,1463,1919,0.067550029,0.932449971
Spain,Rep. of Ireland,2,0,0,1918,#N/A,#N/A,#N/A
Moldova,Kyrgyzstan,2,1,0,1326,1205,0.6674184219,0.3325815781
Italy,Mexico,2,1,0,1919,1888,0.5444945731,0.4555054269
Uruguay,Spain,1,2,0,1877,1918,0.4412686307,0.5587313693
Italy,Japan,4,3,0,1919,1739,0.7381090325,0.2618909675
Spain,Tahiti,0,0,1,1918,1274,0.9760410337,0.0239589663
Brazil,Italy,4,2,0,1953,1919,0.5487743359,0.4512256641
Nigeria,Spain,0,3,0,1620,1918,0.152461276,0.847538724
Spain,Italy,0,0,1,1918,1919,0.4985608883,0.5014391117
Italy,Uruguay,2,2,1,1919,1877,0.5601501452,0.4398498548
Brazil,Spain,3,0,0,1953,1918,0.5501993533,0.4498006467
Kazakhstan,Georgia,1,0,0,1395,1461,0.4061446148,0.5938553852
Belarus,Montenegro,1,1,1,1559,1527,0.5459219228,0.4540780772
Estonia,Latvia,1,1,1,1444,1456,0.4827374756,0.5172625244
Slovenia,Finland,0,2,0,1588,1550,0.554469374,0.445530626
Azerbaijan,Malta,3,0,0,1368,1205,0.7187568299,0.2812431701
Andorra,Moldova,1,1,1,939,1326,0.0972859657,0.9027140343
Luxembourg,Lithuania,2,1,0,1213,1417,0.2360753009,0.7639246991
Norway,Sweden,2,4,0,1610,1710,0.3599350002,0.6400649998
Slovakia,Romania,1,1,1,1735,1689,0.5658152031,0.4341847969
Ukraine,Israel,2,0,0,1714,1546,0.7245382428,0.2754617572
Serbia,Colombia,0,1,0,1710,1933,0.2169225566,0.7830774434
Ghana,Turkey,2,2,1,1639,1790,0.2954154073,0.7045845927
Hungary,Czech Republic,1,1,1,1695,#N/A,#N/A,#N/A
Greece,Austria,2,0,0,1592,1688,0.3652566649,0.6347433351
Liechtenstein,Croatia,2,3,0,1166,1826,0.0218969986,0.9781030014
North. Ireland,Russia,1,0,0,#N/A,1670,#N/A,#N/A
United States,Bosnia & Herzegovina,4,3,0,1747,#N/A,#N/A,#N/A
Belgium,France,0,0,1,1924,1953,0.4583622973,0.5416377027
Scotland,England,2,3,0,1686,1889,0.2371150197,0.7628849803
Poland,Denmark,3,2,0,1794,1722,0.6021580932,0.3978419068
Brazil,Switzerland,0,1,0,1953,1776,0.7347570893,0.2652429107
Paraguay,Germany,3,3,1,1705,2033,0.131459,0.868541
Rep. of Ireland,Wales,0,0,1,#N/A,1725,#N/A,#N/A
Bulgaria,Macedonia,0,2,0,1561,1407,0.7081663883,0.2918336117
Armenia,Albania,0,2,0,1499,1602,0.3559661462,0.6440338538
Argentina,Italy,2,1,0,2092,1919,0.7302454133,0.2697545867
Spain,Ecuador,2,0,0,1918,1839,0.6117705008,0.3882294992
Iceland,Faroe Islands,1,0,0,1728,1203,0.9535645053,0.0464354947
Portugal,Netherlands,1,1,1,1874,1903,0.4583622973,0.5416377027
Kazakhstan,Faroe Islands,2,1,0,1395,1203,0.7512407935,0.2487592065
Luxembourg,Russia,1,4,0,1213,1670,0.0671883479,0.9328116521
Czech Republic,Armenia,1,2,0,#N/A,1499,#N/A,#N/A
Kyrgyzstan,Belarus,1,3,0,1205,1559,0.1152921835,0.8847078165
Wales,Macedonia,1,2,0,1725,1407,0.8618278476,0.1381721524
Norway,Cyprus,2,0,0,1610,1393,0.7771531053,0.2228468947
Denmark,Malta,2,1,0,1722,1205,0.9514822459,0.0485177541
Ukraine,San Marino,9,0,0,1714,861,0.9926833758,0.0073166242
Romania,Hungary,3,0,0,1689,1695,0.4913661642,0.5086338358
Turkey,Andorra,5,0,0,1790,939,0.9925992803,0.0074007197
Bosnia & Herzegovina,Slovakia,0,1,0,#N/A,1735,#N/A,#N/A
Lithuania,Latvia,1,2,0,1417,1456,0.4441090389,0.5558909611
France,Georgia,0,0,1,1953,1461,0.9443901832,0.0556098168
Switzerland,Iceland,4,4,1,1776,1728,0.5686413919,0.4313586081
Slovenia,Albania,1,0,0,1588,1602,0.479863278,0.520136722
Finland,Spain,0,2,0,1550,1918,0.10732334,0.89267666
Netherlands,Estonia,2,2,1,1903,1444,0.9335296285,0.0664703715
Serbia,Croatia,1,1,1,1710,1826,0.3390009088,0.6609990912
Italy,Bulgaria,1,0,0,1919,1561,0.8870357269,0.1129642731
Portugal,North. Ireland,4,2,0,1874,#N/A,#N/A,#N/A
Liechtenstein,Greece,0,1,0,1166,1592,0.0792739386,0.9207260614
Poland,Montenegro,1,1,1,1794,1527,0.8230246289,0.1769753711
Germany,Austria,3,0,0,2033,1688,0.8793171535,0.1206828465
Rep. of Ireland,Sweden,1,2,0,#N/A,1710,#N/A,#N/A
Scotland,Belgium,0,2,0,1686,1924,0.202613686,0.797386314
Moldova,England,0,4,0,1326,1889,0.0376556794,0.9623443206
Azerbaijan,Israel,1,1,1,1368,1546,0.2641225559,0.7358774441
Russia,Israel,3,1,0,1670,1546,0.6712405808,0.3287594192
Lithuania,Liechtenstein,2,0,0,1417,1166,0.8092079975,0.1907920025
Armenia,Denmark,0,1,0,1499,1722,0.2169225566,0.7830774434
Sweden,Kazakhstan,1,0,0,1710,1395,0.8597585195,0.1402414805
Norway,Switzerland,0,2,0,1610,1776,0.2777654664,0.7222345336
Finland,Georgia,1,0,0,1550,1461,0.6253513933,0.3746486067
Bulgaria,Malta,2,1,0,1561,1205,0.8858769426,0.1141230574
Romania,Turkey,0,2,0,1689,1790,0.358609888,0.641390112
North. Ireland,Luxembourg,2,3,0,#N/A,1213,#N/A,#N/A
Slovakia,Bosnia & Herzegovina,1,2,0,1735,#N/A,#N/A,#N/A
Hungary,Estonia,5,1,0,1695,1444,0.8092079975,0.1907920025
Andorra,Netherlands,0,2,0,939,1903,0.0038753745,0.9961246255
Wales,Serbia,0,3,0,1725,1710,0.5215733331,0.4784266669
Macedonia,Scotland,1,2,0,1407,1686,0.1671373097,0.8328626903
Italy,Czech Republic,2,1,0,1919,#N/A,#N/A,#N/A
Slovenia,Cyprus,2,0,0,1588,1393,0.7544540419,0.2455459581
Greece,Latvia,1,0,0,1592,1456,0.6863002577,0.3136997423
Poland,San Marino,5,1,0,1794,861,0.9953710233,0.0046289767
England,Ukraine,0,0,1,1889,1714,0.7325072898,0.2674927102
Rep. of Ireland,Austria,0,1,0,#N/A,1688,#N/A,#N/A
Germany,Faroe Islands,3,0,0,2033,1203,0.9916562525,0.0083437475
Albania,Iceland,1,2,0,1602,1728,0.3262238121,0.6737761879
Belarus,France,2,4,0,1559,1953,0.0938041532,0.9061958468
Chile,Spain,2,2,1,2021,1918,0.6440338538,0.3559661462
Brazil,Portugal,3,1,0,1953,1874,0.6117705008,0.3882294992
South Korea,Croatia,1,2,0,1785,1826,0.4412686307,0.5587313693
Bulgaria,Armenia,1,2,0,1561,1499,0.5882899719,0.4117100281
Latvia,Lithuania,0,2,0,1456,1417,0.5558909611,0.4441090389
Croatia,Belgium,1,2,0,1826,1924,0.3625916233,0.6374083767
Azerbaijan,North. Ireland,2,0,0,1368,#N/A,#N/A,#N/A
Moldova,San Marino,3,0,0,1326,861,0.935641006,0.064358994
Kazakhstan,Faroe Islands,1,1,1,1395,1203,0.7512407935,0.2487592065
Serbia,Japan,2,0,0,1710,1739,0.4583622973,0.5416377027
Malta,Czech Republic,1,4,0,1205,#N/A,#N/A,#N/A
Poland,Ukraine,0,1,0,1794,1714,0.6131368202,0.3868631798
Denmark,Italy,2,2,1,1722,1919,0.2434194057,0.7565805943
Albania,Switzerland,1,2,0,1602,1776,0.2686221422,0.7313778578
Russia,Luxembourg,4,0,0,1670,1213,0.9328116521,0.0671883479
Hungary,Netherlands,1,8,0,1695,1903,0.2319479968,0.7680520032
Estonia,Turkey,0,2,0,1444,1790,0.120073312,0.879926688
Romania,Andorra,4,0,0,1689,939,0.9868402735,0.0131597265
Wales,Macedonia,1,0,0,1725,1407,0.8618278476,0.1381721524
Norway,Slovenia,0,3,0,1610,1588,0.5316182978,0.4683817022
Iceland,Cyprus,2,0,0,1728,1393,0.8730738823,0.1269261177
Slovakia,Greece,0,1,0,1735,1592,0.6949097127,0.3050902873
Rep. of Ireland,Germany,0,3,0,#N/A,2033,#N/A,#N/A
Sweden,Austria,2,1,0,1710,1688,0.5316182978,0.4683817022
Montenegro,England,1,4,0,1527,1889,0.1106774863,0.8893225137
Australia,France,0,6,0,1692,1953,0.1820623689,0.8179376311
Bosnia & Herzegovina,Liechtenstein,4,1,0,#N/A,1166,#N/A,#N/A
Israel,Portugal,1,1,1,1546,1874,0.131459,0.868541
Belarus,Spain,1,2,0,1559,1918,0.1123887401,0.8876112599
Belarus,Japan,1,0,0,1559,1739,0.2618909675,0.7381090325
Cyprus,Albania,0,0,1,1393,1602,0.2309240766,0.7690759234
Israel,North. Ireland,1,1,1,1546,#N/A,#N/A,#N/A
Luxembourg,Portugal,0,3,0,1213,1874,0.0217740482,0.9782259518
Russia,Azerbaijan,1,1,1,1670,1368,0.8504903015,0.1495096985
Lithuania,Bosnia & Herzegovina,0,1,0,1417,#N/A,#N/A,#N/A
Greece,Liechtenstein,2,0,0,1592,1166,0.9207260614,0.0792739386
Switzerland,Slovenia,1,0,0,1776,1588,0.7469129214,0.2530870786
Iceland,Norway,1,1,1,1728,1610,0.663574098,0.336425902
Turkey,Netherlands,0,2,0,1790,1903,0.3428813135,0.6571186865
Hungary,Andorra,2,0,0,1695,939,0.9872813524,0.0127186476
Estonia,Romania,0,2,0,1444,1689,0.1961814806,0.8038185194
Malta,Denmark,0,6,0,1205,1722,0.0485177541,0.9514822459
Czech Republic,Bulgaria,1,0,0,#N/A,1561,#N/A,#N/A
Slovakia,Latvia,2,2,1,1735,1456,0.8328626903,0.1671373097
Serbia,Macedonia,5,1,0,1710,1407,0.8512207976,0.1487792024
Italy,Armenia,2,2,1,1919,1499,0.9181681752,0.0818318248
Sweden,Germany,3,5,0,1710,2033,0.1347802948,0.8652197052
Kazakhstan,Rep. of Ireland,1,3,0,1395,#N/A,#N/A,#N/A
Austria,Faroe Islands,3,0,0,1688,1203,0.942235695,0.057764305
Belgium,Wales,1,1,1,1924,1725,0.7586946201,0.2413053799
Scotland,Croatia,2,0,0,1686,1826,0.3087638476,0.6912361524
Moldova,Montenegro,5,2,0,1326,1527,0.239203909,0.760796091
Ukraine,San Marino,8,0,0,1714,861,0.9926833758,0.0073166242
Poland,England,0,2,0,1794,1889,0.3665922999,0.6334077001
Spain,Georgia,2,0,0,1918,1461,0.9328116521,0.0671883479
Finland,France,0,3,0,1550,1953,0.089491916,0.910508084
Belgium,Colombia,0,2,0,1924,1933,0.4870508551,0.5129491449
South Korea,Switzerland,2,1,0,1785,1776,0.5129491449,0.4870508551
Czech Republic,Canada,2,0,0,#N/A,1501,#N/A,#N/A
Albania,Belarus,0,0,1,1602,1559,0.561567939,0.438432061
Serbia,Russia,1,1,1,1710,1670,0.5573116338,0.4426883662
Azerbaijan,Estonia,1,2,0,1368,1444,0.3923389359,0.6076610641
Norway,Denmark,1,2,0,1610,1722,0.3441794941,0.6558205059
Croatia,Iceland,0,0,1,1826,1728,0.6374083767,0.3625916233
Turkey,North. Ireland,1,0,0,1790,#N/A,#N/A,#N/A
Portugal,Sweden,1,0,0,1874,1710,0.7199190059,0.2800809941
Poland,Slovakia,0,2,0,1794,1735,0.5841009588,0.4158990412
Latvia,Rep. of Ireland,0,3,0,1456,#N/A,#N/A,#N/A
Germany,Italy,1,1,1,2033,1919,0.6584145209,0.3415854791
Ukraine,France,2,0,0,1714,1953,0.2016852558,0.7983147442
Romania,Greece,1,3,0,1689,1592,0.6360768997,0.3639231003
United States,Scotland,0,0,1,1747,1686,0.5868950234,0.4131049766
Chile,England,2,0,0,2021,1889,0.6813218352,0.3186781648
Netherlands,Japan,2,2,1,1903,1739,0.7199190059,0.2800809941
Wales,Finland,1,1,1,1725,1550,0.7325072898,0.2674927102
Spain,Equatorial Guinea,2,1,0,1918,1334,0.9664882895,0.0335117105
Montenegro,Luxembourg,4,1,0,1527,1213,0.8590630024,0.1409369976
Moldova,Lithuania,1,1,1,1326,1417,0.3719551944,0.6280448056
Nigeria,Italy,2,2,1,1620,1919,0.1517189313,0.8482810687
Argentina,Bosnia & Herzegovina,2,0,0,2092,#N/A,#N/A,#N/A
Estonia,Liechtenstein,3,0,0,1444,1166,0.8320598405,0.1679401595
Russia,South Korea,2,1,0,1670,1785,0.3402920059,0.6597079941
Azerbaijan,Kyrgyzstan,0,0,1,1368,1205,0.7187568299,0.2812431701
Canada,Slovenia,0,1,0,1501,1588,0.3773498042,0.6226501958
Norway,Scotland,0,1,0,1610,1686,0.3923389359,0.6076610641
Malta,Faroe Islands,3,2,0,1205,1203,0.5028781996,0.4971218004
Belarus,Turkey,1,2,0,1559,1790,0.2092018972,0.7907981028
Slovakia,Gibraltar,0,0,1,1735,1079,0.9776043775,0.0223956225
Romania,Greece,1,1,1,1689,1592,0.6360768997,0.3639231003
Iceland,Croatia,0,2,0,1728,1826,0.3625916233,0.6374083767
Netherlands,Colombia,0,0,1,1903,1933,0.456933508,0.543066492
Sweden,Portugal,2,3,0,1710,1874,0.2800809941,0.7199190059
Austria,United States,1,0,0,1688,1747,0.4158990412,0.5841009588
Poland,Rep. of Ireland,0,0,1,1794,#N/A,#N/A,#N/A
France,Ukraine,3,0,0,1953,1714,0.7983147442,0.2016852558
England,Germany,0,1,0,1889,2033,0.3038712296,0.6961287704
Japan,Belgium,3,2,0,1739,1924,0.256365478,0.743634522
South Africa,Spain,1,0,0,1601,1918,0.1388590643,0.8611409357
